,organism_id,name
0,1,Lactobacillus
1,2,Desulfovibrio
2,3,Clostridia cluster I
3,4,Eggerthella lenta
4,5,Streptococcus thermophiles
5,6,Faecalibacterium prausnitzii
6,7,Anaerostipes hadrus
7,8,Eubacterium rectale
8,9,Clostridium
9,10,Bacteroides stercoris
10,11,Bacteroides coprocola
11,12,Lactobacillus rogosae
12,13,Lachnospira pectinoschiza
13,14,Roseburia
14,15,Sutterella wadsworthensis
15,16,Bacteroides coprophilus
16,17,Desulfotomaculum
17,18,Prevotella copri
18,19,Megamonas funiformis
19,20,Ruminococcus gnavus
20,21,Dialister invisus
21,22,Bifidobacterium adolescentis
22,23,Parvimonas micra
23,24,Prevotella melaninogenica
24,25,Peptostreptococcus anaerobius
25,26,Staphylococcus aureus
26,27,Streptococcus anginosus
27,28,Streptococcus mutans
28,29,Bacteroides ureolyticus
29,30,Campylobacter gracilis
30,31,Streptococcus intermedius
31,32,Streptococcus mitis
32,33,Bifidobacterium
33,34,Ruminococcus productus
34,35,Veillonella
35,36,Bacteroides
36,37,Pseudomonas aeruginosa
37,38,Bifidobacterium catenulatum
38,39,Bifidobacterium longum
39,40,Bifidobacterium dentium
40,41,Enterococcus
41,42,Enterobacter
42,43,Bifidobacterium
43,44,Prevotella
44,45,Akkermansia muciniphila
45,46,Bacteroides intestinalis
46,47,Clostridium boltae
47,48,Clostridium hathewayi
48,49,Clostridium ramosum
49,50,Clostridium symbiosum
50,51,Escherichia coli
51,52,Alistipes
52,53,Parabacteroides
53,54,Subdoligranulum
54,55,Lachnospiraceae
55,56,Haemophilus parainfluenzae
56,57,Roseburia intestinalis
57,58,Roseburia Inulinivorans
58,59,Eubacterium
59,60,Erysipelotrichaceae
60,61,Bacteroides vulgatus
61,62,Streptococcus
62,63,Escherichia
63,64,Lachnospira
64,65,Faecalibacterium
65,66,Acidaminococcus
66,67,Akkermansia
67,68,Citrobacter
68,69,Leptospira
69,70,Pseudoalteromonas
70,71,Desulfosporosinus
71,72,Microcystis
72,73,Methylobacter
73,74,Shigella
74,75,Ruminococcus callidus
75,76,Ruminococcus bromii
76,77,Fusobacterium
77,78,Parvimonas
78,79,Peptostreptococcus
79,80,Dialister
80,81,Mobiluncus
81,82,Erysipelotrichaceae incertae sedis
82,83,Serratia
83,84,Proteus
84,85,Pyramidobacter
85,86,Hallella
86,87,Methylobacterium
87,88,Peptostreptococcaceae incertae sedis
88,89,Selenomonas
89,90,Mycoplasma
90,91,Catonella
91,92,Aggregatibacter
92,93,Staphylococcus
93,94,Treponema
94,95,Schlegelella
95,96,Moraxella
96,97,Capnocytophaga
97,98,Helicobacter
98,99,Pandoraea
99,100,Abiotrophia
100,101,Propionibacterium
101,102,Aeromonas
102,103,Ferribacter thermoautotrophicus
103,104,Mannheimia
104,105,Lyrodus pedicellatus
105,106,Nitrosomonas eutropha
106,107,Calyptogena magnifica
107,108,Fucophilus fucoidanolyticus
108,109,Dietzia maris
109,110,Clostridium acetobutylicum
110,111,Bifidobacterium breve
111,112,Thermosipho
112,113,Thiomicrospira crunogena
113,114,Sphingobacterium
114,115,Hymenobacter
115,116,Nodularia sphaerocarpa
116,117,Bifidobacterium thermacidophilum porcinum
117,118,Mitrastema yamamotoi
118,119,Symbiobacterium toebii
119,120,Sphingopyxis flavimaris
120,121,Corynebacterium jeikeium
121,122,Streptococcus pneumoniae
122,123,Klebsiella pneumoniae
123,124,Anaerotruncus
124,125,Bacillus
125,126,Cellulosilyticum
126,127,Christensenella
127,128,Coprococcus
128,129,Holdemania
129,130,Odoribacter
130,131,Pseudoflavonifractor
131,132,Ruminococcus
132,133,Sarcina
133,134,Turicibacter
134,135,Actinomyces
135,136,Blautia faecis
136,137,Ruminococcus torques
137,138,Clostridium lavalense
138,139,Bacteriodes uniformis
139,140,Christensenella minuta
140,141,Holdemania filiformis
141,142,Alistipes shahii
142,143,Eubacterium fissicatena
143,144,Flavonifractor plautii
144,145,Alistipes putredinis
145,146,Clostridium lituseburense
146,147,Clostridium asparagiform
147,148,Clostrdium disporicum
148,149,Clostridium lactafifermentans
149,150,Pseudoflavonifractor capillosus
150,151,Eubacterium ventriosum
151,152,Eubacterium desmolans
152,153,Corynebacterium tuberculostearicum
153,163,Bacteroides thetaiotaomicron
154,164,Pseudomonas straminea
155,165,Bacillus licheniformis
156,166,Gluconobacter oxydans
157,167,Klebsiella oxytoca
158,168,Enterobacter cloacae
159,169,Hathewaya histolytica
160,170,Sutterella stercoricanis
161,171,Veillonellaceae
162,172,Desulfovibrio piger
163,173,Desulfovibrio desulfuricans
164,174,Desulfovibrio intestinalis
165,175,Sutterella
166,176,Clostridium aldenense
167,177,Clostridium methylpentosum
168,178,Flavonifractor plautii
169,179,Eubacterium eligens
170,180,Eubacterium ruminantium
171,181,Phascolarctobacterium faecium
172,182,Sporobacter termitidis
173,183,Parabacteroides distasonis
174,184,Prevotella oulorum
175,185,Collinsella
176,187,Bifidobacterium angulatum
177,188,Clostridium leptum
178,189,Clostridium aminobutyricum
179,190,Paraclostridium bifermentans
180,191,Clostridium butyricum
181,192,Clostridium clostridioforme
182,193,Clostridium cocleatum
183,194,Clostridioides difficile
184,195,Clostridium disporicum
185,196,Terrisporobacter glycolicus
186,197,Clostridium innocuum
187,198,Clostridium lactatifermentans
188,199,Tyzzerella nexilis
189,200,Clostridium paraputrificum
190,201,Clostridium perfringens
191,202,Erysipelatoclostridium ramosum
192,203,Clostridium scindens
193,204,Paeniclostridium sordellii
194,205,Clostridium spiroforme
195,206,Clostridium subterminale
196,207,Clostridium tertium
197,208,Ruminococcus albus
198,209,Ruminococcus flavefaciens
199,210,Ruminococcus lactaris
200,212,Bacteroidales
201,213,Oscillibacter
202,214,Blautia
203,215,Lachnospiraceae incertae sedis
204,216,Megamonas
205,217,Phascolarctobacterium
206,218,Parasutterella
207,219,Ruminococcaceae
208,220,Bacteroidaceae
209,221,Proteobacteria
210,222,Actinobacteria
211,223,Methanobrevibacter
212,224,Butyricimonas
213,225,Enterococcus faecalis
214,226,Streptococcus sanguinis
215,227,Ethanoligenens
216,228,Moryella
217,229,Lactonifactor
218,230,Syntrophococcus
219,231,Asaccharobacter
220,232,Enterobacteriaceae
221,233,Bifidobacteriaceae
222,234,Methanobrevibacter smithii
223,235,Prevotellaceae
224,236,Dorea
225,237,Oscillospira
226,238,Ralstonia
227,239,Blautia coccoides
228,240,Bacteroides fragilis
229,241,Lactobacillaceae
230,242,Coriobacteriaceae
231,243,Solobacterium
232,244,Rothia
233,245,Kingella
234,246,Leptotrichia
235,247,Haemophilus
236,248,Neisseria
237,249,Gemella
238,250,Corynebacterium
239,251,Granulicatella
240,252,Pasteurellaceae
241,253,Micrococcaceae
242,254,Carnobacteriaceae
243,255,Clostridiales XIV
244,256,Porphyromonadaceae
245,257,Staphylococcaceae
246,258,Enterococcaceae
247,259,Streptococcaceae
248,260,Fusobacteriaceae
249,261,Anaerovorax
250,262,Peptococcus
251,263,Catenibacterium
252,264,Lactococcus
253,265,Asteroleplasma
254,266,Lactobacillus fermentum
255,267,Shigella flexneri
256,268,Listeria
257,269,Enterococcus faecium
258,270,Fusobacterium varium
259,271,TM7
260,272,Parasporobacterium
261,273,Verrucomicrobium
262,274,Oxalobacter
263,275,Raoultella
264,276,Dehalobacter
265,277,Fusibacter
266,278,Oxobacter
267,279,Bacteroides ovatus
268,280,Bacteroides plebeius
269,281,Prevotella oralis
270,282,Prevotella ruminicola
271,283,Prevotella tannerae
272,284,Tannerella
273,285,Aneurinibacillus
274,286,Papillibacter
275,287,Marvinbryantia
276,288,Coprococcus eutactus
277,289,Microbacterium
278,290,Anoxybacillus
279,291,Campylobacter
280,292,Bacteroides finegoldii
281,293,Prevotella oris
282,294,Ruminococcus obeum
283,295,Dorea formicigenerans
284,296,Lachnobacterium bovis
285,297,Pseudobutyrivibrio ruminis
286,298,Bacteroides capillosus
287,299,Dialister pneumosintes
288,300,Megamonas hypermegale
289,301,Acidaminobacter
290,302,Citrobacter farmeri
291,303,Eubacterium yurii
292,304,Porphyromonas gingivalis
293,305,Fusobacterium nucleatum
294,306,Epilithonimonas
295,307,Flavobacterium
296,308,Pedobacter
297,310,Caulobacter
298,311,Brevundimonas
299,312,Sphingomonas
300,313,Acidovorax
301,314,Janthinobacterium
302,315,Buttiauxella
303,316,Rahnella
304,317,Acinetobacter
305,318,Psychrobacter
306,319,Pseudomonas
307,320,Stenotrophomonas
308,321,Atopobium
309,322,Aquabacterium
310,323,Cloacibacterium
311,324,Ochrobactrum
312,325,Paraprevotella
313,326,Acidocella
314,327,Mogibacterium
315,328,Anaerostipes
316,329,Porphyromonas
317,330,Klebsiella
318,331,Anaerococcus
319,332,Slackia
320,333,Anaeroglobus
321,334,Lactobacillus gasseri
322,335,Lactobacillus salivarius
323,336,Desulfurispirillum indicum
324,337,Clostridium beijerinckii
325,338,Clostridium botulinum
326,339,Pyramidobacter piscolens
327,340,Clostridium thermocellum
328,341,Lactobacillus reuteri
329,342,Lactobacillus plantarum
330,343,Eubacterium nodatum
331,344,Actinomyces viscosus
332,345,Campylobacter concisus
333,346,Veillonella parvula
334,347,Filifactor alocis
335,348,Bacteroidetes
336,349,Bifidobacterium infantis
337,350,Selenomonas noxia
338,351,Streptococcus oralis
339,352,Streptococcus gordonii
340,353,Peptostreptococcus micros
341,354,Streptococcus constellatus
342,355,Prevotella intermedia
343,356,Prevotella nigrescens
344,357,Capnocytophaga ochracea
345,358,Capnocytophaga sputigena
346,359,Tanerella forsythia
347,360,Capnocytophaga gingivalis
348,361,Neisseria mucosa
349,362,Aggregatibacter actinomycetemcomitans
350,363,Campylobacter rectus
351,364,Eikenella corrodens
352,365,Fusobacterium periodonticum
353,366,Treponema socranskii
354,367,Treponema denticola
355,368,Gammaproteobacteria
356,369,Staphylococcus epidermidis
357,370,Clostridium cluster IV
358,371,Burkholderia
359,373,Mutans group streptococci
360,374,Mitis group streptococci
361,375,Bifidobacterium bifidum
362,376,Bacteroides-Prevotella group
363,377,Rikenellaceae
364,378,Brachyspira
365,379,Barnesiellaceae
366,380,Peptostreptococcaceae
367,381,Rikenella
368,382,Erwinia
369,383,Trabsulsiella
370,384,Streptococcus parasanguinis
371,385,Enterococcus sp. NBRC 107345
372,386,Blautia obeum
373,387,Lactobacillus iners
374,388,Lactobacillus crispatus
375,389,Bulleidia moorei
376,390,Coprococcus catus
377,391,Bulleidia
378,392,Eubacterium biforme
379,393,Catenibacterium mitsuokai
380,394,Prevotella stercorea
381,395,Dialister propionicifaciens
382,396,Mitsuokella jalaludinii
383,397,Allisonella histaminiformans
384,398,Megasphaera elsdenii
385,399,Acidaminococcus fermentans
386,400,Pseudomonadales
387,401,Veillonella dispar
388,402,Rothia mucilaginosa
389,403,Barnesiella
390,404,Christensenellaceae
391,405,Brucellaceae
392,406,Xanthomonadaceae
393,407,Moraxellaceae
394,408,Rhodospirillaceae
395,409,Thalassospira
396,410,Firmicutes
397,411,Salmonella
398,412,Eggerthella
399,413,Bergeyella
400,414,Butyrivibrio
401,415,Pseudobutyrivibrio
402,416,Actinobacillus
403,417,Leptotrichia
404,418,Clostridium cluster XIVa
405,419,Porphyromonas catoniae
406,420,Actinobacillus pleuropneumoniae
407,421,Gemella morbillorum
408,422,Granulicatella elegans
409,423,Haemophilus quentini
410,424,Haemophilus segnis
411,426,Streptococcus salivarius
412,427,Veillonella ratti
413,428,Tropheryma whipplei
414,429,Neisseria elongata
415,430,Granulicatella adiacens
416,431,Oribacterium
417,432,Prevotella histicola
418,433,Neisseria flavescens
419,434,Streptococcus cristatus
420,435,Aggregatibacter aphrophilus
421,436,Prevotella nanceiensis
422,437,Actinomyces massiliensis
423,438,Gemella haemolysans
424,439,Gemella sanguinis
425,440,Streptococcus australis
426,441,Streptococcus vestibularis
427,442,Fusobacterium necrophorum
428,443,Bacillus cereus
429,444,Variovorax
430,445,Prevotella multisaccharivorax
431,446,Olsenella profusa
432,447,Delftia acidovorans
433,448,Propionibacterium acidifaciens
434,449,Flavisolibacter
435,450,Geobacillus
436,451,Cupriavidus
437,452,Gardnerella
438,453,Megasphaera
439,454,Clostridiaceae
440,455,Leptotrichia amnionii
441,456,Gardnerella vaginalis
442,457,Atopobium vaginae
443,458,Aerococcus christensenii
444,459,Dialister micraerophilus
445,460,Prevotella timonensis
446,461,Sneathia
447,462,Actinomycetaceae
448,463,Allisonella
449,464,Propionibacteriaceae
450,465,Peptoniphilus
451,466,Rhodobaca
452,467,Sneathia sanguinegens
453,468,Mobiluncus curtisii
454,469,Mobiluncus mulieris
455,470,Prevotella bivia
456,471,Prevotella disiens
457,472,Alloiococcus
458,473,Aerococcus
459,474,Lactobacillus jensenii
460,475,Lactobacillus coleohominis
461,476,Anaerococcus tetradius
462,477,Eubacterium limosum
463,478,Bacteroides xylanisolvens
464,479,Veillonella atypica
465,480,Novosphingobium
466,481,Haemophilus parahaemolyticus
467,482,Propionibacterium acnes
468,483,Micrococcus luteus
469,484,Terrahaemophilus
470,485,Eubacterium saburreum
471,486,Centipeda periodontii
472,487,Lactobacillus sakei
473,488,Afipia
474,489,Curvibacter
475,490,Undibacterium
476,491,Leptolyngbya
477,492,TM7
478,493,Cryptobacterium
479,494,Olsenella
480,495,Nocardioides
481,496,Arthrobacter
482,497,Modestobacter
483,498,Humicoccus
484,499,Thermoactinomyces
485,500,Centipeda
486,501,Anaerosporobacter
487,502,Balneimonas
488,503,Desulfobulbus
489,504,Dysgonomonas
490,505,Clostridium XIVb
491,506,Flavonifractor
492,507,Clostridium group XI
493,508,Chlamydia
494,509,Streptophyta
495,510,Enhydrobacter
496,511,Verrucomicrobia
497,512,"Lactobacillales	"
498,513,Clostridiales
499,514,Globicatella
500,515,Dorea longicatena
501,516,Prevotella pallens
502,517,Simonsiella muelleri
503,518,Alloscardovia omnicolens
504,519,Prevotella scopos
505,520,prevotella shahii
506,521,Treponema putidum
507,522,prevotella salivae
508,523,Lactobacillus acidophilus
509,524,Clostridium cluster XVIII
510,525,Fusobacteria
511,526,Spirochaetes
512,527,Synergistetes
513,528,Kocuria
514,529,Myceligenerans
515,530,Paracoccus
516,531,Filifactor
517,532,Chloroflexi
518,533,Cyanobacteria
519,534,Tenericutes
520,535,Leclercia
521,536,Pelobacter
522,537,Wolinella
523,538,Methylophilus
524,539,Propionimicrobium
525,540,Cronobacter
526,541,Bdellovibrio
527,542,Methylotenera
528,543,Actinobaculum
529,544,Ureaplasma urealyticum
530,545,Microvirgula
531,546,Lactobacilli
532,547,Gemellales
533,548,Rothia denticariosa
534,549,Oribacterium sinus
535,550,Parascardovia
536,551,Caldalkalibacillus
537,552,Nesterenkonia
538,553,Aeribacillus
539,554,Halomonas
540,555,Alcaligenaceae
541,556,Peptococcaceae
542,557,Leuconostoc
543,558,Shuttleworthia
544,559,Finegoldia
545,560,Bilophila
546,561,Brevibacterium
547,562,Lachnobacterium
548,563,Shewanella algae
549,565,Leptotrichia wadei
550,566,Peptostreptococcus stomatis
551,567,Micrococcus
552,568,Bartonellaceae
553,569,Aestuariimicrobium
554,570,Curtobacterium
555,571,Corynebacterium accolens
556,572,Alicycliphilus
557,573,Prevotella dentalis
558,575,Nocardia asteroides
559,576,Haemophilus influenzae
560,577,Corynebacterium pseudodiphtheriticum
561,578,Streptococcus agalactiae
562,579,Moraxella catarrhalis
563,580,Carnobacterium alterfunditum
564,581,Enterococcus mundtii
565,582,Pediococcus pentosaceus
566,583,Lactobacillus ruminis
567,584,Methanosphaera
568,585,Pseudoramibacter
569,586,Tissierellaceae
570,587,Leptotrichiaceae
571,588,Cardiobacterium
572,589,Pseudomonadaceae
573,590,Anaerofustis
574,591,Pelomonas
575,592,Bacteroides eggerthii
576,593,Alistipes indistinctus
577,594,Odoribacteraceae
578,595,Bacteroides caccae
579,597,Anaerofilum
580,598,Caloramator
581,599,Sarcina ventriculi
582,600,Clostridium aminophilum
583,601,Clostridium bartletti
584,602,Roseburia faecis
585,603,Roseburia hominis
586,604,Eubacterium coprostanoligenes
587,605,Eubacterium siraeum
588,606,Enterococcus casseliflavus
589,607,Turicibacter sanguinis
590,608,Bacteroides massiliensis
591,610,Barnesiella intestinihominis
592,611,Odoribacter splanchnicus
593,612,Alistipes onderdonkii
594,613,Parasutterella excrementihominis
595,614,Enterobacter hormaechei
596,615,Parascardovia denticolens
597,616,Alloprevotella
598,617,Stomatobaculum
599,618,Lachnoanaerobaculum umeaense
600,619,Alicyclobacillus
601,620,Prevotella pleuritidis
602,621,Treponema maltophilum
603,622,Rothia aeria
604,623,Fretibacterium fastidiosum
605,624,Deltaproteobacteria
606,625,Shewanella
607,626,Chryseobacterium
608,627,Dermacoccus
609,628,"Actinomycetales	"
610,629,Comamonas
611,630,Rubrobacter
612,632,Rhodococcus
613,633,Eggerthella
614,634,Clostridium saccharolyticum
615,635,Tyzzerella
616,636,Lachnoclostridium
617,637,Hungatella
618,638,Peptoclostridium
619,639,Ruminiclostridium
620,640,Lachnoanaerobaculum
621,641,Stenotrophomas maltophila
622,642,Bacteroides uniformis
623,643,Blautia producta
624,644,anaerobacter
625,645,Achromobacter
626,646,Clostridium cellulosi
627,647,Arthrospira
628,648,Deinococcaceae
629,649,Bacteriodes-Prevotella
630,650,Corynebacterium kroppenstedtii
631,651,Bacterial communities
632,652,Cellvibrio
633,653,Nocardia
634,654,Acetobacteraceae
635,655,Roseomonas
636,656,Erysipelotrichales
637,657,Erysipelotrichia
638,658,Skermanella
639,659,Rathayibacter
640,660,Yimella
641,661,Tessaracoccus
642,662,Aeromicrobium
643,663,Pseudonocardia
644,664,Dyadobacter
645,665,Geminicoccus
646,666,Propionibacterium humerusii
647,667,Propionibacterium granulosum
648,668,Comamonadaceae
649,669,Dechloromonas
650,670,Paenibacillus
651,671,uncultured Clostridiales II
652,672,Morganella
653,673,Succinivibrio
654,674,Eubacterium cylindroides
655,675,Bergeriella
656,676,Coprobacillus
657,677,Corynebacterium propinquum
658,678,Moraxella nonliquefaciens
659,679,Moraxella lincolnii
660,680,Porphyromonas endodontalis
661,681,Actinomyces oris
662,682,Corynebacterium durum
663,683,Gemmiger
664,684,Sphingomonadaceae
665,685,Nitrosomonadaceae
666,686,Oxalobacteraceae
667,687,Lautropia
668,688,Alphaproteobacteria
669,689,Rhizobiales
670,690,Phyllobacterium
671,691,Actinomyces graevenitzii
672,692,Veillonella sp. oral taxon 780
673,693,Leptotrichia sp. oral clone FP036
674,694,Enterorhabdus
675,695,Gordonibacter
676,696,Butyricicoccus pullicaecorum
677,697,Varibaculum
678,698,Clostridium coccoides group
679,699,Clostridium leptum subgroup
680,700,Bacteroides fragilis group
681,701,tannerella forsythia
682,702,Eubacterium saphenum
683,703,Eubacterium minutum
684,704,Mogibacterium timidum
685,705,Treponema parvum
686,707,Lautropia mirabilis
687,708,Burkholderia cepacia
688,709,Actinomyces gerencseriae
689,710,Actinomyces odontolyticus
690,711,Johnsonella
691,712,Pseudoramibacter alactolyticus
692,713,Selenomonas sputigena
693,714,Mycoplasma faucium
694,715,Treponema lecithinolyticum
695,716,Eubacterium brachy
696,717,Dehalobacterium
697,718,Yersinia
698,719,Acidobacteriaceae
699,720,Pseudonocardiaceae
700,721,Rhizobium
701,722,Aminobacterium
702,723,Enterobacteriaceae bacterium
703,724,Salmonella enterica
704,725,Bacillus coagulans
705,726,Prevotella bryantii
706,727,Streptococcus gallolyticus
707,728,Bacteroides pectinophilus
708,729,Lactobacillus brevis
709,730,Methylotenera mobilis
710,731,Paracoccus aminovorans
711,732,Treponema amylovorum
712,733,Staphylococcus equorum
713,734,Sphingomonas changbaiensis
714,735,Methylobacterium adhaesivum
715,736,Anoxybacillus kestanbolensis
716,737,Pseudoxanthomonas mexicana
717,738,Sphingobium xenophagum
718,739,Rathayibacter caricis
719,740,Janthinobacterium lividum
720,741,Sphingomonas yabuuchiae
721,742,Bacillus flexus
722,743,Jeotgalicoccus psychrophilus
723,744,Acidobacteria
724,745,Neisseriaceae
725,746,Spirochaetaceae
726,747,Anaeroglobus geminatus
727,748,Enterobacter asburiae
728,749,Megasphaera micronuciformis
729,750,Paraprevotella clara
730,751,Bosea
731,752,Lactobacillus bulgaricus
732,753,Lactobacillus rhamnosus
733,754,Streptomyces
734,755,Sporobacter
735,756,Bradyrhizobiaceae
736,757,Actinomyces naeslundii
737,758,Scardovia wiggsiae
738,759,Delftia
739,760,Mycoplana
740,761,Clostridium xylanovorans
741,762,Peptoniphilus gorbachii
742,763,Acetanaerobacterium elongatum
743,764,Bifidobacterium animalis
744,765,Stoquefichus massiliensis
745,766,Blautia glucerasea
746,767,Bacteroides dorei
747,768,Catabacter
748,769,Catabacter hongkongensis
749,770,Lactobacillus mucosae
750,771,Papillibacter cinnamivorans
751,772,Butiricimonas
752,773,Enterobacter aerogenes
753,774,Atopobium parvulum
754,775,Cloacibacillus
755,776,Butyricicoccus
756,777,Fusicatenibacter saccharivorans
757,778,Clostridium oroticum
758,779,Adlercreutzia
759,780,Edaphobacter
760,781,Prevotella jejuni
761,782,Edaphobacter aggregans
762,783,Bradyrhizobium
763,784,Eubacterium hallii
764,785,Bifidobacterium pseudocatenulatum
765,786,Collinsella aerofaciens
766,787,Blautia luti
767,788,Mycoplasma hominis
768,789,Ureaplasma parvum
769,790,Anaerococcus vaginalis
770,791,Finegoldia magna
771,792,Ureaplasma
772,793,Lactobacillus vaginalis
773,794,Staphylococcus pasteuri
774,795,Lactobacillus delbrueckii
775,796,Enterococcus hirae
776,797,Mycoplasma genitalium
777,798,Sediminibacterium
778,799,Nitrososphaera
779,800,Mitsuokella multacida
780,801,Phascolarctobacterium succinatutens
781,802,Prevotella buccae
782,803,Mycobacterium tuberculosis
783,804,Shigella sonnei
784,805,Mageeibacillus indolicus
785,806,Rhodocyclaceae
786,807,Brevibacillus
787,808,Armatimonadetes
788,809,Sulfuricella
789,810,Candidatus brocadia
790,811,Thauera
791,812,Geothrix
792,813,Dyella
793,814,Listeriaceae
794,815,Bacillaceae
795,816,Hydrogenophilaceae
796,817,Hyphomicrobiaceae
797,818,Desulfovibrionaceae
798,819,Mitsuokella
799,820,Pasteurellales
800,821,Akkermansiaceae
801,822,Bilophila wadsworthia
802,823,Ammoniphilus
803,824,Fusicatenibacter
804,825,Parabacteroides merdae
805,826,Alistipes finegoldii
806,827,Lachnospiraceae bacterium
807,828,Leptotrichia buccalis
808,829,Erysipelatoclostridium
809,830,Cetobacterium
810,831,Synergistes
811,832,Vivictivallis
812,833,Defluviitalea
813,834,Thermicanus
814,835,Pseudoxanthomonas
815,836,Eikenella
816,837,Saprolegnia
817,838,Intestinimonas
818,839,Mycobacterium
819,840,Dolosigranulum
820,841,Streptobacillus
821,842,Aquabacterium parvum
822,843,Epulopiscium
823,844,Acholeplasma
824,845,Candidatus phytoplasma
825,846,Amaricoccus
826,847,Anaeromyxobacter
827,848,Aquicella
828,849,Arsenicicoccus
829,850,Azospirillum
830,851,Chitinimonas
831,852,Chlorobaculum
832,853,Dokdonella
833,854,Gallionella
834,855,Geobacter
835,856,Idiomarina
836,857,Kaistia
837,858,Kribbella
838,859,Arcanobacterium
839,860,Blautia wexlerae
840,861,Blautia caecimuris
841,862,Odoribacter laneus
842,863,Alistipes obesi
843,864,Alistipes ihumii
844,865,Mucor racemosus
845,868,Janibacter
846,869,Syntrophomonas
847,870,Dietzia
848,871,Sphingobium
849,872,Vampirovibrio
850,873,Weissella
851,874,Pediococcus
852,875,Acetivibrio
853,876,Fusobacteriales
854,877,Chitinophagaceae
855,878,Turicella
856,879,Corynebacteriaceae
857,880,Dermabacteraceae
858,881,Micromonosporaceae
859,882,Paraeggerthella
860,883,Planococcaceae
861,884,Gallibacterium
862,885,Weeksella
863,886,Spirodela
864,887,Lonepinella
865,888,Kineococcus
866,889,Alloscardovia
867,890,Psychromonas
868,891,Methanothermobacter
869,892,Gulbenkiania
870,893,Clostridium neonatale
871,894,Fluviicola
872,895,Pseudarcicella
873,896,Mogibacterium diversum
874,897,Alloprevotella rava
875,898,Catonella morbi
876,899,Cardiobacterium hominis
877,900,Oribacterium asaccharolyticum
878,901,Capnocytophaga leadbetteri
879,902,Anaerococcus lactolyticus
880,903,Varibaculum cambriense
881,904,Propionimicrobium lymphophilum
882,905,Helcococcus
883,906,Brachybacterium
884,907,Paludibacter
885,908,Malassezia restricta
886,909,Candida albicans
887,910,Candida tropicalis
888,911,Microsporidia
889,912,Giardia lamblia
890,913,Blastocystis
891,914,Hymenolepis diminuta
892,915,Ascomycota
893,916,Pichia
894,917, Penicillium brevicompactum
895,918,Alternaria
896,919,Nakaseomyces
897,920,Clostridium citroniae
898,921,Porphyromonas asaccharolytica
899,922,Candidatus
900,923,Candidatus portiera
901,924,Providencia
902,925,Prevotella veroralis
903,926,Lachnoanaerobaculum orale
904,927,Mogibacterium neglectum
905,928,Romboutsia
906,929,Streptococcus infantis
907,930,Streptococcus alactolyticus
908,931,Streptococcus equi
909,932,Adlercreutzia equolifaciens
910,933,Clostridium colinum
911,934,Trophyrema
912,935,Halothiobacillus
913,936,Saccharophagus
914,937,Deferribacter
915,938,Halorubrum
916,939,Anabaena
917,940,Nitrosospira
918,941,Saccharomyces cerevisiae
919,942,Malassezia globosa
920,943,Malassezia sympodialis
921,944,Candida
922,945,Gibberella moniliformis
923,946,Alternaria brassicicola
924,947,Cryptococcus neoformans
925,948,Aspergillus clavatus
926,949,Saccharomyces castellii
927,950,Filobasidium uniguttulatum
928,951,Candida glabrata
929,952,Cystofilobasidiaceae
930,953,Dioszegia
931,954,Leptosphaeria
932,955,Pleosporales
933,956,Trichosporon
934,957,Caulobacteriaceae
935,958,Limnobacter
936,959,Gymnopilus
937,960,Psathyrella artemisiae
938,961,Cortinariaceae
939,962,Monilinia
940,963,Hymenochaete
941,964,Rhodobacteraceae
942,965,Malasseziales incertae sedis
943,966,Lasiosphaeriaceae
944,967,Thelephoraceae
945,968,Hyaloscyphaceae
946,969,Sclerodermataceae
947,970,Pyronemataceae
948,971,Montagnulaceae
949,972,Vibrisseaceae
950,973,Marasmiaceae
951,974,Pleosporales incertae sedis
952,975,Glomeraceae
953,976,Russulaceae
954,977,Inocybaceae
955,978,Lophiostomataceae
956,979,Tuberaceae
957,980,Synergistaceae
958,981,Human adenovirus
959,982, Respiratory syncytial virus
960,983,Human coronavirus
961,984,Malassezia furfur
962,985,HSV-1
963,986,EBV
964,987,CMV
965,988,Prevotella enoeca
966,989,Actinomyces urogenitalis
967,990,Prevotella bergensis
968,991,Neisseria meningitidis
969,992,Neisseria subflava
970,993,Enhydrobacter aerosaccus
971,994,Fibrobacter succinogenes
972,995,Corynebacterium efficiens
973,996,Corynebacterium matruchotii
974,997,Thermonospora curvata
975,998,Streptococcus pyogenes
976,999,Treponema vincentii
977,1000,Fretibacterium
978,1001,Johnsonella ignava
979,1002,Ralstonia insidiosa
980,1003,Clavibacter michiganensis
981,1004,Fusobacterium naviforme
982,1005,Exiguobacterium oxidotolerans
983,1006,Moraxella osloensis
984,1007,Dolosigranulum pigrum
985,1008,Neisseria oralis
986,1009,Bacteroides salyersiae
987,1010,Paraprevotella xylaniphila
988,1011,Burkholderiales bacterium
989,1012,SR1
990,1013,Actinobaculum schaalii
991,1014,Actinomyces neuii
992,1015,Aerococcus urinae
993,1016,Arhtrobacter cumminsii
994,1017,Corynebacterium coyleae
995,1018,Corynebacterium riegelii
996,1019,Oligella urethralis
997,1020,Rubellimicrobium
998,1021,Knoellia
999,1022,Succinatimonas
1000,1023,Hyphomonas
1001,1024,Lupinus
1002,1025,Oenothera
1003,1026,Pseudochrobactrum
1004,1027,Pseudidiomarina
1005,1028,Allobaculum
1006,1029,Prevotella loescheii
1007,1030,Cardiobacterium valvarum
1008,1031,Treponema medium
1009,1032,Methanoculleus
1010,1033,Methanomethylophilus
1011,1034,Fusobacterium mortiferum
1012,1035,Acidiphilium
1013,1036,Burkholderia fungorum
1014,1037,Leucobacter
1015,1038,Mitsuaria
1016,1039,Limnohabitans
1017,1040,Hepadnaviridae
1018,1041,Hepeviridae
1019,1042,Polydnaviridae
1020,1043,Tymoviridae
1021,1044,Virgaviridae
1022,1045,Lactobacillus sp. L-YJ
1023,1046,Wautersiella
1024,1047,Lactococcus lactis
1025,1048,Succinivibrionaceae
1026,1049,Pseudoramibacter Eubacterium
1027,1050,Neisseria gonorrhoeae
1028,1051,Sutterella sanguinus
1029,1052,Sutterella morbirenis
1030,1053,Porphyromonas somerae
1031,1054,Monascus purpureus
1032,1055,Eurotiomycetes
1033,1056,Ophiostomataceae
1034,1057,Rhodotorula dairenensis
1035,1058,Aspergillus penicillioides
1036,1059,Penicillium brocae
1037,1060,Eremothecium sinecaudum
1038,1061,Thermomyces lanuginosus
1039,1062,Penicillium dierckxii
1040,1063, Wallemia mellicola
1041,1064,Pseudozyma
1042,1065,Aspergillus austroafricanus
1043,1066,Pseudozyma churashimaensis
1044,1067,Ustilaginaceae
1045,1068,Penicillium steckii
1046,1069,Leuconostocaceae
1047,1070,Flavobacteriaceae
1048,1071,Agrobacterium
1049,1072,Meiothermus
1050,1073,Rhodoplanes
1051,1074,Rhodotorula mucilaginosa
1052,1075,Macrococcus
1053,1076,Marinicella
1054,1077,Williamsia
1055,1078,Dermabacter
1056,1079,Gallicola
1057,1080,Vogesella
1058,1081,Larkinella
1059,1082,Roseateles
1060,1083,Hyphomicrobium
1061,1084,Diaphorobacter
1062,1085,Succiniclasticum
1063,1086,Aspergillus
1064,1087,Filobasidium
1065,1088,Malassezia
1066,1089,Yersinia aldovae
1067,1090,Yersinia bercovieri
1068,1091,Yersinia enterocolitica
1069,1092,Yersinia intermedia
1070,1093,Yersinia mollaretii
1071,1094,Yersinia pseudotuberculosis
1072,1095,Nevskia
1073,1096,Nocardioidaceae
1074,1097,Propionicimonas
1075,1098,Methylobacteriaceae
1076,1099,Epsilonproteobacteria
1077,1100,Clostridium cluster XIVb
1078,1101,Scardovia
1079,1102,Sellimonas
1080,1103,Carnobacterium
1081,1104,Neisseria sicca
1082,1105,Fusobacterium canifelinum
1083,1106,Prevotella denticola
1084,1107,Lawsonella
1085,1108,Novispirillum
1086,1109,Myxotrichaceae
1087,1110,Stemphylium
1088,1111,Acidimicrobiales
1089,1112,Gluconacetobacter
1090,1113,Hydrogenophaga
1091,1114,Sphingopyxis
1092,1115,Rhodobacter
1093,1116,Mortierella
1094,1117,Rhizopus
1095,1118,Kluyveromyces
1096,1119,Embellisia
1097,1120,Haematonectria
1098,1121,Alkaliphilus
1099,1122,Ureaplasma parvum serovar 3
1100,1123,Candidatus tammella
1101,1124,Snowella rosea
1102,1125,Sphingobacterium bambusae
1103,1126,Campylobacter showae
1104,1127,Dysgonomonas wimpennyi
1105,1128,Selenomonas infelix
1106,1129,Neisseria lactamica
1107,1130,Rothia dentocariosa
1108,1131,Acinetobacter gerneri
1109,1132,Actinomyces meyeri
1110,1133,Streptococcus tigurinus
1111,1134,Mannheimia caviae
1112,1135,Acinetobacter antiviralis
1113,1136,Acinetobacter baumannii
1114,1137,Acinetobacter rhizosphaerae
1115,1138,Acinetobacter calcoaceticus
1116,1139,Lactococcus garvieae
1117,1140,Aerococcaceae
1118,1141,Gelria
1119,1142,Luteibacter
1120,1143,Rhodanobacter
1121,1144,Ruminococcus bicirculans
1122,1145,Saccharibacter
1123,1146,Enterococcus durans
1124,1147,Enterobacter ludwigii
1125,1148,Coprococcus comes
1126,1149,Bacteroides faecis
1127,1150,Candidatus arthromitus
1128,1151,Acremonium
1129,1152,Thielaviopsis
1130,1153,Moniliophthora
1131,1154,Pisolithus
1132,1155,Rhodotorula
1133,1156,Chaetomiaceae
1134,1157,Erysiphaceae
1135,1158,Pseudeurotiaceae
1136,1159,Lipomycetaceae
1137,1160,Marseillibacter massiliensis
1138,1161,Xanthomonas
1139,1162,Actinotalea
1140,1163,Alishewanella
1141,1164,Pseudoclavibacter
1142,1165,Eubacterium sulci
1143,1166,Lysinibacillus
1144,1167,Oceanobacillus
1145,1168,Devosia
1146,1169,Ruminofilibacter
1147,1170,Jatrophihabitans
1148,1171,Vibrio
1149,1172,Roseolovirus
1150,1173,Bacteroides clarus
1151,1174,Psychrobacter pulmonis
1152,1175,Bacteroides xylanolyticus
1153,1176,Holdemanella
1154,1177,Faecalicoccus
1155,1178,Intestinibacter
1156,1179,Ezakiella
1157,1180,Candidatus soleaferrea
1158,1181,Eubacterium xylanophilum
1159,1182,Murdochiella
1160,1183,Negativicoccus
1161,1184,Pseudothermotoga
1162,1185,Wolbachia
1163,1186,Candidatus Endolissoclinum
1164,1187,Legionella
1165,1188,Lysobacter
1166,1189,Sphingobium yanoikuyae
1167,1191,Gordonia
1168,1192,Xanthobacteraceae
1169,1193,Kocuria palustris
1170,1194,Penicillium
1171,1195,Capnodiales
1172,1196,Debaryomyces hansenii
1173,1197,Candida railensis
1174,1198,Malassezia slooffiae
1175,1199,Naganishia diffluens
1176,1200,Penicillium miczynskii
1177,1201,Blastomonas
1178,1202,Microviridae
1179,1203,Myoviridae
1180,1204,Podoviridae
1181,1205,Pneumoviridae
1182,1206,Anelloviridae
1183,1207,Orthopneumovirus
1184,1208,Coccolithovirus
1185,1209,Mimivirus
1186,1210,Orthopoxvirus
1187,1211,Exophiala
1188,1212,Acroconidiella
1189,1213,Calyptella capula
1190,1214,Fusarium solani
1191,1215,Gibberella
1192,1216,Lasiodiplodia pseudotheobromae
1193,1217,Mortierella alpina
1194,1218,Mycocentrospora
1195,1219,Pichia exigua
1196,1220,Preussia tetramera
1197,1221,Rhizopus oryzae
1198,1222,Pezoloma ericae
1199,1223,Stagonosporopsis cucurbitacearum
1200,1224,Aspergillus gracilis
1201,1225,Candida glabrata
1202,1226,Issatchenkia
1203,1227,Saccharomyces
1204,1228,Sarocladium
1205,1229,Naganishia
1206,1230,Hanseniaspora
1207,1231,Entyloma
1208,1232,Dipodascus
1209,1233,Hypsizygus
1210,1234,Wallemia
1211,1235,Leucosporidium
1212,1236,Deinococcus
1213,1237,Glaciecola
1214,1238,Georgenia
1215,1239,Sarcandra
1216,1240,Cellulomonas
1217,1241,Lampropedia
1218,1242,Sporosarcina
1219,1243,Virgibacillus
1220,1244,Yaniella
1221,1245,Frigoribacterium
1222,1246,Sanguibacter
1223,1247,Desulfomicrobium
1224,1248,Helicobacter pylori
1225,1249,Anaerovibrio
1226,1250,Howardella
1227,1251,Lactobacillus taiwanensis
1228,1252,Elusimicrobiaceae
1229,1253,Dickeya
1230,1254,Conexibacteraceae
1231,1255,Alysiella
1232,1256,Negativicutes
1233,1257,Ruminoclostridium cellulolyticum
1234,1258,Campylobacter jejuni
1235,1259,Chloracidobacterium thermophilum B
1236,1260,Coraliomargarita akajimensis
1237,1261,Spirochaeta thermophila
1238,1262,Lysurus
1239,1263,Antrodiella
1240,1264,Boletus
1241,1265,Ophiocordyceps
1242,1266,Guignardia
1243,1267,Facklamia
1244,1268,Edwardsiella
1245,1269,Xenorhabdus
1246,1270,Collimonas
1247,1271,Methylobacterium radiotolerans
1248,1272,Microbacterium barkeri
1249,1273,Bacillus alcalophilus
1250,1274,Brachybacterium muris
1251,1275,Acinetobacter baumannii
1252,1276,Ralstonia pickettii
1253,1277,Mycobacterium phlei
1254,1278,Lactobacillus rossiae
1255,1279,Acinetobacter radioresistens
1256,1280,Mycobacterium fortuitum
1257,1281,Fastidiospila
1258,1282,Erysipelothrix
1259,1283,Beijerinckiaceae
1260,1284,Deferribacteriales incertae cedis
1261,1285,Caldithrix
1262,1286,Desulfobacteraceae
1263,1287,Citricoccus
1264,1288,Fusobacterium perfoetens
1265,1289,Negativibacillus
1266,1290,Eubacterium dolichum
1267,1291,Robinsoniella
1268,1292,Aggregatibacter segnis
1269,1293,Hydrotalea
1270,1294,Clostridium III
1271,1295,Parcubacteria incertae sedis
1272,1296,Pirellula
1273,1297,Verrucomicrobiaceae
1274,1298,Rheinheimera
1275,1299,Geodermatophilaceae
1276,1300,Methylobacillus
1277,1301,Aciditerrimonas
1278,1302,Parachamydiaceae
1279,1303,Parachlamydiaceae
1280,1304,Ulvibacter
1281,1305,Latescibacteria incertae sedis
1282,1306,Gp21
1283,1307,Gp7
1284,1308,Hafnia
1285,1309,Lactobacillus johnsonii
1286,1310,Ralstonia solanacearum
1287,1311,Eubacteriaceae
1288,1312,Rickenellaceae
1289,1313,Sulfurovum
1290,1314,Acinetobacter junii
1291,1315,Actinomyces europaeus
1292,1316,Bacteroides cellulosilyticus
1293,1317,Microcella
1294,1318,Ottowia
1295,1319,Anaerolineaceae
1296,1320,Atopobium rimae
1297,1321,Streptococcus thoraltensis
1298,1322,Lactobacillus paracasei
1299,1323,Mogibacterium vescum
1300,1324,Kingella denitrificans
1301,1325,Kingella oralis
1302,1326,Propionibacterium avidum
1303,1327,Staphylococcus capitis
1304,1328,Treponema pectinovorum
1305,1329,Neisseria flava
1306,1330,Kazachstania turicensis
1307,1331,Monographella nivalis
1308,1332,Alternaria alternata
1309,1333,Candida solani
1310,1334,Vishniacozyma victoriae
1311,1335,Penicillium spinulosum
1312,1336,Kazachstania telluris
1313,1337,Davidiella tassiana
1314,1338,Rhodosporidium
1315,1339,Pneumocystis
1316,1340,Sterigmatomyces
1317,1341,Cryptococcus
1318,1342,Eisenbergiella
1319,1343,Davidiella
1320,1344,Muribaculaceae
1321,1345,Agathobacter
1322,1346,Buchnera
1323,1347,Mycoplasma hyosynoviae
1324,1348,Aliihoeflea
1325,1349,Pannonibacter
1326,1350,Glutamicibacter
1327,1351,Aspergillus fumigatus
1328,1352,Bipolaris
1329,1353,Chaetomium
1330,1354,Debaryomyces
1331,1355,Collinsella intestinalis
1332,1356,Campylobacter ureolyticus
1333,1357,Epstein-Barr virus
1334,1358,Human papillomavirus
1335,1359,Sutterellaceae
1336,1360,Neisseria cinerea
1337,1361,Arcobacter
1338,1362,Solitalea
1339,1363,Actinobaculum massiliense
1340,1364,Jonquetella anthropi
1341,1365,Corynebacterium appendicis
1342,1366,Mucispirillum
1343,1367,Prevotella baroniae
1344,1368,Leptothrix
1345,1369,Porphyrobacter tepidarius
1346,1370,Brevundimonas diminuta
1347,1371,Sphingomonas echinoides
1348,1372,Pseudomonas fluorescens
1349,1373,Leptotrichia goodfellowii
1350,1374,Xylophilus
1351,1375,Simplicispira
1352,1376,Herbaspirillum
1353,1377,Exiguobacterium
1354,1378,Haematobacter
1355,1379,Blautia hydrogenotrophica
1356,1380,Eisenbergiella tayi
1357,1381,Eisenbergiella massiliensis
1358,1382,Hungatella hathewayi
1359,1383,Blautia massiliensis
1360,1384,Agathobaculum desmolans
1361,1385,Ruthenibacterium lactatiformans
1362,1386,Blautia hansenii
1363,1387,Blautia producta
1364,1388,Macellibacteroides fermentans
1365,1389,Treponema phagedenis
1366,1390,Haemophilus haemolyticus
1367,1391,Laceyella
1368,1392,Atopostipes
1369,1393,Ruminoclostridium
1370,1394,Jonquetella
1371,1395,Anaerorhabdus
1372,1396,Megamonas rupellensis
1373,1397,Phocaeicola
1374,1398,Simonsiella
1375,1399,Myroides
1376,1400,Isoptericola
1377,1401,Flexilinea
1378,1402,Actinomyces dentalis
1379,1403,Actinomyces israelii
1380,1404,Pseudopropionibacterium propionicum
1381,1405,Alloprevotella tannerae
1382,1406,Pseudomonas stutzeri
1383,1407,Actinomyces georgiae
1384,1408,Selenomonas artemidis
1385,1409,Schwartzia
1386,1410,Candida dubliniensis
1387,1411,Epicoccum
1388,1412,Galactomyces
1389,1413,Gemmiger formicilis
1390,1414,Clostridium cellulovorans
1391,1415,Coprobacter fastidiosus
1392,1416,Rhinovirus
1393,1417,Stramenopiles
1394,1418,Synechococcus
1395,1419,Byssochlamys
1396,1420,Helotiales
1397,1421,Pusillimonas
1398,1422,Desemzia
1399,1423,Symbiobacterium
1400,1424,Tepidimicrobium
1401,1425,Thermovum
1402,1426,Ureibacillus
1403,1427,Halocella
1404,1428,Tepidanaerobacter
1405,1429,Prevotella amnii
1406,1430,Prevotella buccalis
1407,1431,Variovorax guangxiensis
1408,1432,Caudovirales
1409,1433,Shuttleworthia satelles
1410,1434,Mycoplasma salivarium
1411,1435,Circoviridae
1412,1436,Cronobacter muytjensii
1413,1437,Coniochaeta velutina
1414,1438,Didymella
1415,1439,Filobasidium floriforme
1416,1440,Bacillus megaterium
1417,1441,Brucella
1418,1442,Buchnera aphidicola
1419,1443,Candidatus Azobacteroides
1420,1444,Candidatus Azobacteroides pseudotrichonymphae
1421,1445,Capnocytophaga canimorsus
1422,1446,Cellulosimicrobium
1423,1447,Halobacillus mangrovi
1424,1448,Lutibacter
1425,1449,Scardovia inopinata
1426,1450,Torulaspora delbrueckii
1427,1451,Wenyingzhuangia fucanilytica
1428,1452,Actinomyces lingnae
1429,1453,Porphyromonas pasteri
1430,1454,Lactobacillus casei
1431,1455,Lactobacillus parafarraginis
1432,1456,Comamonas testosteroni
1433,1457,Pseudomonas pseudoalcaligenes
1434,1458,Burkholderiaceae
1435,1459,Staphylococcus warneri
1436,1460,Cryptobacterium curtum
1437,1461,Eubacterium infirmum
1438,1462,Sclerotiniaceae
1439,1463,Thermus
1440,1464,Lactobacillus sanfranciscensis
1441,1465,Desulfovibrio longreachensis
1442,1466,Porphyromonas uenonis
1443,1467,Desulfovibrio vietnamensis
1444,1468,Lachnospira multipara
1445,1469,Mucor fuscus
1446,1470,Tepidimonas
1447,1471,Corynebacterium simulans
1448,1472,Pseudomonas veronii
1449,1473,Acinetobacter lwoffii
1450,1474,Acinetobacter johnsonii
1451,1475,Parabacteroides johnsonii
1452,1476,Eggerthellaceae
1453,1477,Phocea massiliensis
1454,1478,Starmerella etchellii
1455,1479,Hannaella luteola
1456,1480,Hanseniaspora uvarum
1457,1481,Alternaria tamaricis
1458,1482,Cladosporium halotolerans
1459,1483,Trametes
1460,1484,Filobasidium stepposum
1461,1485,Cystofilobasidium macerans
1462,1486,Penicillium expansum
1463,1487,Solibacillus
1464,1488,Pilibacter
1465,1489,Lutispora
1466,1490,Proteiniclasticum
1467,1491,Thermodesulfobium
1468,1492,Cutibacterium
1469,1493,Corynebacterium striatum
1470,1494, Ruminococcus gauvreauii
1471,1495,Patescibacteria
1472,1496,Trichoderma
1473,1497,Microascaceae
1474,1498,Bionectriaceae
1475,1499,Glomerellales
1476,1500,Scedosporium
1477,1501,Cephalotrichum
1478,1502,Aspergillaceae
1479,1503,Purpureocillium
1480,1504,Hypocreaceae
1481,1505,Rhodococcus erythropolis
1482,1506,Erwinia mallotivora
1483,1507,Staphylococcus hominis
1484,1508,Ramularia collo-cygni
1485,1509,Rhizophagus
1486,1510,Candidatus Methanomethylophilus alvus
1487,1511,Solobacterium moorei
1488,1512,Cyanothece
1489,1513,Orthobunyavirus
1490,1514,Inovirus
1491,1515,Tunalikevirus
1492,1516,Fromanvirus
1493,1517,Phikzvirus
1494,1518,Betabaculovirus
1495,1519,Zindervirus
1496,1520,Moineauvirus
1497,1521,Punavirus
1498,1522,Lambdavirus
1499,1523,Ceduovirus
1500,1524,Muvirus
1501,1525,Twortvirus
1502,1526,Gammasphaerolipovirus
1503,1527,Circovirus
1504,1528,Okubovirus
1505,1529,Cytomegalovirus
1506,1530,Uetekavirus
1507,1531,Ravinvirus
1508,1532,Phikmvvirus
1509,1533,Cyprinivirus
1510,1534,Lymphocryptovirus
1511,1535,Clostridium celatum
1512,1536,Streptococcus sobrinus
1513,1537,Haemophilus aegyptius
1514,1538,Ramularia
1515,1539,Xylaria
1516,1540,Kluyvera ascorbata
1517,1541,Bacteroides nordii
1518,1542,Mycosphaerella
1519,1543,Ganoderma
1520,1544,Exidia
1521,1545,Pilatoporus
1522,1546,Engyodontium
1523,1547,Eggerthella sinensis
1524,1548,Fournierella
1525,1549,Desulfohalobium
1526,1550,Pseudocitrobacter
1527,1551,Youngiibacter
1528,1552,Carboxydothermus
1529,1553,Hwanghaeicola
1530,1554,Constrictibacter
1531,1555,Nitriliruptor
1532,1556,Dichelobacter
1533,1557,Hydrogenoanaerobacterium
1534,1558,Mycoplasma pneumoniae
1535,1559,Human herpesvirus 6
1536,1560,Pseudomonas putida
1537,1561,Amphritea
1538,1562,Candidatus saccharibacteria bacterium
1539,1563,Anaerococcus hydrogenalis
1540,1564,Gemella asaccharolytica
1541,1565,Veillonella montpellierensis
1542,1566,Eubacterium cellulosolvens
1543,1567,Sneathia amnii
1544,1568,Anaerococcus prevotii
1545,1569,Streptococcus lutetiensis
1546,1570,Lactobacillus helveticus
1547,1571,Lactobacillus amylolyticus
1548,1572,Lactobacillus acetotolerans
1549,1573,Anaerococcus degenerii
1550,1574,Keratinibaculum paraultunense
1551,1575,Delftia tsuruhatensis
1552,1576,Oscillibacter valericigenes
1553,1577,Leuconostoc holzapfelii
1554,1578,Leuconostoc citreum
1555,1579,Butyrivibrio crossotus
1556,1580,Terrisporobacter
1557,1581,Staphylococcus xylosus
1558,1582,Alkaliphilus oremlandii
1559,1583,Cronobacter sakazaki
1560,1584,Lactobacillus oris
1561,1585,Clostridium sartagoforme
1562,1586,Bacteroides barnesiae
1563,1587,Lysinibacillus boronitolerans
1564,1588,Oerskovia
1565,1589,Planococcus
1566,1590,Ramlibacter
1567,1591,Neorhizobium
1568,1592,Citrobacter koseri
1569,1593,Lactobacillus antri
1570,1594,Faecalitalea
1571,1595,Fusarium
1572,1596,Salinivibrio
1573,1597,Thermomonas
1574,1598,Cohaesibacter
1575,1599,Tenacibaculum
1576,1600,Methylophaga
1577,1601,Lactobacillus zeae
1578,1602,Mycobacterium vaccae
1579,1603,Pseudoclavibacter bifida
1580,1604,Prevotella marshii
1581,1605,Prevotella corporis
1582,1606,Bacteroides sartorii
1583,1607,Nigrospora oryzae
1584,1608,Microdochium
1585,1609,Aureobasidium pullulans
1586,1610,Ophiosphaerella
1587,1611,Aspergillus sydowii
1588,1612,Sistotremastrum suecicum
1589,1613,Papiliotrema flavescens
1590,1614,Rhynchogastrema tunnelae
1591,1615,Sistotrema brinkmannii
1592,1616,Toxicocladosporium strelitziae
1593,1617,Cellulosilyticum ruminicola
1594,1618,Clostridium glycolicum
1595,1619,Coprobacter
1596,1620,Verticillium
1597,1621,Dialister succinatiphilus
1598,1622,Paraprevotella xylaniphila
1599,1623,Sporomusa
1600,1624,Mycobacteriaceae
1601,1625,Methanobacteriaceae
1602,1626,Phenylobacterium
1603,1627,Oribacterium parvum
1604,1628,Veillonella rogosae
1605,1629,Neisseria bacilliformis
1606,1630,Oceanivirga
1607,1631,Peptoanaerobacter
1608,1632,Vagococcus
1609,1633,Pseudomonas viridiflava
1610,1634,Acinetobacter guillouiae
1611,1635,Anaerotruncus colihominis
1612,1636,Anaerofustis stercorihominis
1613,1637,Candida sake
1614,1638,Bacillus fumarioli
1615,1639,Victivallaceae
1616,1640,Cutibacterium acnes
1617,1641,Serratia marcescens
1618,1642,Candida auris
1619,1643,Aspergillus flavus
1620,1644,Aspergillus niger
1621,1645,Kineothrix
